<?xml version="1.0" encoding="UTF-8"?>


<project xmlns:if="ant:if" xmlns:j2seproject1="http://www.netbeans.org/ns/j2se-project/1" xmlns:j2seproject3="http://www.netbeans.org/ns/j2se-project/3" xmlns:jaxrpc="http://www.netbeans.org/ns/j2se-project/jax-rpc" xmlns:unless="ant:unless" basedir=".." default="default" name="ConfeMVC-impl">

    <target depends="test,jar,javadoc" description="Build and test whole project." name="default"/>
    <!-- 
                ======================
                INICIAR SECION
                ======================
            -->
    <target name="-pre-init">

    </target>
    <target depends="-pre-init" name="-init-private">

    </target>
    <target depends="-pre-init,-init-private" name="-init-user">

    </target>
    <target depends="-pre-init,-init-private,-init-user" name="-init-project">

         <!--importante -->
        <property file="nbproject/configs/${config}.properties"/>
        <property file="nbproject/project.properties"/>
    </target>
    <target name="-init-modules-supported">
         <!--importante -->

        <condition property="modules.supported.internal" value="true">
            <not>
                <matches pattern="1\.[0-8](\..*)?" string="${javac.source}"/>
            </not>
        </condition>
    </target>
    <target depends="-init-modules-supported" if="modules.supported.internal" name="-init-macrodef-modulename">

    </target>
    <target depends="-init-modules-supported,-init-macrodef-modulename" if="modules.supported.internal" name="-init-source-module-properties">
        
 
    </target>
    <target depends="-pre-init,-init-private,-init-user,-init-project,-init-macrodef-property,-init-modules-supported" name="-do-init">
        <property name="platform.java" value="${java.home}/bin/java"/>
        <available file="${manifest.file}" property="manifest.available"/>

        <property name="run.jvmargs" value=""/>
        <property name="run.jvmargs.ide" value=""/>
        <property name="javac.compilerargs" value=""/>
        <property name="work.dir" value="${basedir}"/>

        <property name="javac.debug" value="true"/>
        <property name="javadoc.preview" value="true"/>
        <property name="application.args" value=""/>
        <property name="source.encoding" value="${file.encoding}"/>
        <property name="runtime.encoding" value="${source.encoding}"/>
        <property name="manifest.encoding" value="${source.encoding}"/>

        <property name="javadoc.encoding.used" value="${source.encoding}"/>
        <property name="includes" value="**"/>
        <property name="excludes" value=""/>
        <property name="do.depend" value="false"/>
  
        <path id="endorsed.classpath.path" path="${endorsed.classpath}"/>

        <!--  -->
        <!-- importante   no puedo bor -->
        <condition else="" property="endorsed.classpath.cmd.line.arg" value="-Xbootclasspath/p:'${toString:endorsed.classpath.path}'">
            <and>
                <isset property="endorsed.classpath"/>
                <not>
                    <equals arg1="${endorsed.classpath}" arg2="" trim="true"/>
                </not>
            </and>
        </condition>

        <property name="jar.index" value="false"/>
        <property name="jar.index.metainf" value="${jar.index}"/>
        <property name="copylibs.rebase" value="true"/>
        <available file="${meta.inf.dir}/persistence.xml" property="has.persistence.xml"/>

       
        <property name="java.failonerror" value="true"/>
    </target>
    <target name="-post-init">
 
    </target>

     <!-- ///////////////////////////////// -->


    <target depends="-pre-init,-init-private,-init-user,-init-project,-do-init" name="-init-check">


    </target>
    <target name="-init-macrodef-property">
  
    </target>
    <target depends="-init-ap-cmdline-properties,-init-source-module-properties" if="modules.supported.internal" name="-init-macrodef-javac-with-module">
     
    </target>
    <target depends="-init-ap-cmdline-properties,-init-source-module-properties" if="ap.supported.internal" name="-init-macrodef-javac-with-processors" unless="modules.supported.internal">
        
    </target>

    <target depends="-init-ap-cmdline-properties,-init-source-module-properties" name="-init-macrodef-javac-without-processors" unless="ap.supported.internal">
       
    </target>
    <target depends="-init-macrodef-javac-with-module,-init-macrodef-javac-with-processors,-init-macrodef-javac-without-processors" name="-init-macrodef-javac">
        
    </target>
    <target if="${junit.available}" name="-init-macrodef-junit-init">

    </target>
    <target name="-init-test-properties">
        
    </target>
    <target depends="-init-modules-supported" if="modules.supported.internal" name="-init-macrodef-junit-prototype-with-module">
        
    </target>
    <target depends="-init-modules-supported" name="-init-macrodef-junit-prototype-without-module" unless="modules.supported.internal">
        
    </target>
    <target depends="-init-test-properties,-init-macrodef-junit-prototype-with-module,-init-macrodef-junit-prototype-without-module" if="${nb.junit.single}" name="-init-macrodef-junit-single" unless="${nb.junit.batch}">

    </target>
    <target depends="-init-test-properties,-init-macrodef-junit-prototype-with-module,-init-macrodef-junit-prototype-without-module" if="${nb.junit.batch}" name="-init-macrodef-junit-batch" unless="${nb.junit.single}">
 
    </target>
    <target depends="-init-macrodef-junit-init,-init-macrodef-junit-single, -init-macrodef-junit-batch" if="${junit.available}" name="-init-macrodef-junit"/>
    <target if="${testng.available}" name="-init-macrodef-testng">
        
    </target>
    <target name="-init-macrodef-test-impl">
        
    </target>
    <target depends="-init-macrodef-junit" if="${junit.available}" name="-init-macrodef-junit-impl">
      
    </target>
    <target depends="-init-macrodef-testng" if="${testng.available}" name="-init-macrodef-testng-impl">
     
    </target>
    <target depends="-init-macrodef-test-impl,-init-macrodef-junit-impl,-init-macrodef-testng-impl" name="-init-macrodef-test">
 
    </target>
    <target depends="-init-macrodef-junit" if="${junit.available}" name="-init-macrodef-junit-debug-impl">
    
    </target>
    <target if="${testng.available}" name="-init-macrodef-testng-debug">
 
    </target>
    <target depends="-init-macrodef-testng-debug" if="${testng.available}" name="-init-macrodef-testng-debug-impl">
   
    </target>
    <target depends="-init-macrodef-junit-debug-impl" if="${junit.available}" name="-init-macrodef-test-debug-junit">
     
    </target>
    <target depends="-init-macrodef-testng-debug-impl" if="${testng.available}" name="-init-macrodef-test-debug-testng">
     
    </target>
    <target depends="-init-macrodef-test-debug-junit,-init-macrodef-test-debug-testng" name="-init-macrodef-test-debug"/>
    
    <target depends="-profile-pre-init, init, -profile-post-init, -profile-init-macrodef-profile, -profile-init-check" if="profiler.info.jvmargs.agent" name="profile-init"/>
    <target if="profiler.info.jvmargs.agent" name="-profile-pre-init">
       
    </target>
    <target if="profiler.info.jvmargs.agent" name="-profile-post-init">
 
    </target>
    <target if="profiler.info.jvmargs.agent" name="-profile-init-macrodef-profile">
        
    </target>
    <target depends="-profile-pre-init, init, -profile-post-init, -profile-init-macrodef-profile" if="profiler.info.jvmargs.agent" name="-profile-init-check">

    </target>
  
    <target depends="-init-debug-args" name="-init-macrodef-nbjpda">
     
    </target>
    <target name="-init-debug-args">

    </target>
    <target depends="-init-debug-args" name="-init-macrodef-debug">
  
    </target>
    <target depends="-init-source-module-properties" if="named.module.internal" name="-init-macrodef-java-with-module">

    </target>
    <target depends="-init-source-module-properties" if="unnamed.module.internal" name="-init-macrodef-java-with-unnamed-module">
  
    </target>
        <!--
                importante
            -->
    <target depends="-init-source-module-properties" name="-init-macrodef-java-without-module" unless="modules.supported.internal">
        <macrodef name="java" uri="http://www.netbeans.org/ns/j2se-project/1">
            <attribute default="" name="modulename"/>
            <attribute default="${main.class}" name="classname"/>
            <attribute default="" name="modulepath"/>
            <attribute default="${run.classpath}" name="classpath"/>
            <attribute default="jvm" name="jvm"/>
            <element name="customize" optional="true"/>
            <sequential>
                <java classname="@{classname}" dir="${work.dir}" failonerror="${java.failonerror}" fork="true">
                    <jvmarg line="${endorsed.classpath.cmd.line.arg}"/>
                    <jvmarg value="-Dfile.encoding=${runtime.encoding}"/>
                    <redirector errorencoding="${runtime.encoding}" inputencoding="${runtime.encoding}" outputencoding="${runtime.encoding}"/>
                    <jvmarg line="${run.jvmargs}"/>
                    <jvmarg line="${run.jvmargs.ide}"/>
                    <classpath>
                        <path path="@{classpath}"/>
                    </classpath>
                    <syspropertyset>
                        <propertyref prefix="run-sys-prop."/>
                        <mapper from="run-sys-prop.*" to="*" type="glob"/>
                    </syspropertyset>
                    <customize/>
                </java>
            </sequential>
        </macrodef>
    </target>
    <target depends="-init-macrodef-java-with-module, -init-macrodef-java-with-unnamed-module, -init-macrodef-java-without-module" name="-init-macrodef-java"/>
    <target name="-init-macrodef-copylibs">

    </target>
    <target name="-init-presetdef-jar">
        
    </target>
    <target name="-init-ap-cmdline-properties">
  
 
    </target>
    <target depends="-init-ap-cmdline-properties" if="ap.supported.internal" name="-init-ap-cmdline-supported">


    </target>
    <target depends="-init-ap-cmdline-properties,-init-ap-cmdline-supported" name="-init-ap-cmdline">
        
    </target>
    <target depends="-pre-init,-init-private,-init-user,-init-project,-do-init,-post-init,-init-check,-init-macrodef-property,-init-macrodef-javac,-init-macrodef-test,-init-macrodef-test-debug,-init-macrodef-nbjpda,-init-macrodef-debug,-init-macrodef-java,-init-presetdef-jar,-init-ap-cmdline" name="init"/>
    <!--
                ===================
                COPILACION
           ===================
            -->
    <target name="-deps-jar-init" unless="built-jar.properties">
        
    </target>
    <target if="already.built.jar.${basedir}" name="-warn-already-built-jar">
        
    </target>
    <target depends="init,-deps-jar-init" name="deps-jar" unless="no.deps">
        
    </target>
    <target depends="init,-check-automatic-build,-clean-after-automatic-build" name="-verify-automatic-build"/>
    <target depends="init" name="-check-automatic-build">
        
    </target>
    <target depends="init" if="netbeans.automatic.build" name="-clean-after-automatic-build">
     
    </target>
    <target depends="init,deps-jar" name="-pre-pre-compile">
       
    </target>
    <target name="-pre-compile">
        
    </target>
    <target if="do.depend.true" name="-compile-depend">
        
    </target>
    <target depends="init,deps-jar,-pre-pre-compile,-pre-compile, -copy-persistence-xml,-compile-depend" if="have.sources" name="-do-compile">
  
    </target>
    <target if="has.persistence.xml" name="-copy-persistence-xml">
  
    </target>
    <target name="-post-compile">
 
    </target>
    <target depends="init,deps-jar,-verify-automatic-build,-pre-pre-compile,-pre-compile,-do-compile,-post-compile" description="Compile project." name="compile"/>
    <target name="-pre-compile-single">

    </target>
    <target depends="init,deps-jar,-pre-pre-compile" name="-do-compile-single">
        
 
    </target>
    <target name="-post-compile-single">

    </target>
    <target depends="init,deps-jar,-verify-automatic-build,-pre-pre-compile,-pre-compile-single,-do-compile-single,-post-compile-single" name="compile-single"/>

     <target depends="init" name="-pre-pre-jar">

    </target>
    <target name="-pre-jar">
       
    </target>
    <target depends="init,compile" name="-check-module-main-class">


    </target>
    <target depends="-check-module-main-class" if="do.module.main.class" name="-set-module-main-class">

    </target>
    <target depends="init" if="do.archive" name="-do-jar-create-manifest" unless="manifest.available">
        
    </target>
    <target depends="init" if="do.archive+manifest.available" name="-do-jar-copy-manifest">
 
    </target>
    <target depends="init,-do-jar-create-manifest,-do-jar-copy-manifest" if="do.archive+main.class.available" name="-do-jar-set-mainclass">
      
    </target>
    <target depends="init,-do-jar-create-manifest,-do-jar-copy-manifest" if="do.archive+profile.available" name="-do-jar-set-profile">
      
    </target>
    <target depends="init,-do-jar-create-manifest,-do-jar-copy-manifest" if="do.archive+splashscreen.available" name="-do-jar-set-splashscreen">
  
    </target>
    <target depends="init,compile" name="-check-do-mkdist">

    </target>
    <target depends="init,-init-macrodef-copylibs,compile,-pre-pre-jar,-pre-jar,-do-jar-create-manifest,-do-jar-copy-manifest,-do-jar-set-mainclass,-do-jar-set-profile,-do-jar-set-splashscreen,-check-do-mkdist" if="do.mkdist" name="-do-jar-copylibs">
       
        
    </target>
    <target depends="init,compile,-pre-pre-jar,-pre-jar,-do-jar-create-manifest,-do-jar-copy-manifest,-do-jar-set-mainclass,-do-jar-set-profile,-do-jar-set-splashscreen,-check-do-mkdist" if="do.archive" name="-do-jar-jar" unless="do.mkdist">




        <echo level="${jar.usage.level}" message="${jar.usage.message}"/>
    </target>
    <target depends="-do-jar-copylibs" if="do.archive" name="-do-jar-delete-manifest">
        <delete>
            <fileset file="${tmp.manifest.file}"/>
        </delete>
    </target>
    <target depends="init,compile,-pre-pre-jar,-pre-jar,-do-jar-create-manifest,-do-jar-copy-manifest,-do-jar-set-mainclass,-do-jar-set-profile,-do-jar-set-splashscreen,-do-jar-jar,-do-jar-delete-manifest" name="-do-jar-without-libraries"/>
    <target depends="init,compile,-pre-pre-jar,-pre-jar,-do-jar-create-manifest,-do-jar-copy-manifest,-do-jar-set-mainclass,-do-jar-set-profile,-do-jar-set-splashscreen,-do-jar-copylibs,-do-jar-delete-manifest" name="-do-jar-with-libraries"/>
    <target name="-post-jar">
       
    </target>
    <target depends="init,compile,-pre-jar,-set-module-main-class,-do-jar-without-libraries,-do-jar-with-libraries,-post-jar" name="-do-jar"/>
    <target depends="init,compile,-pre-jar,-do-jar,-post-jar,deploy" description="Build JAR." name="jar"/>
    <!--////////////////////////////////////////////////////////////////////////////////////
                =================
                
                SECCIÓN DE IMPLEMENTACIÓN
                =================
            -->
    <target name="-pre-deploy">
        
    </target>
 
    <target depends="init" name="-check-jlink">

    </target>
    <target depends="init,-do-jar,-post-jar,-pre-deploy,-check-jlink" if="do.jlink.internal" name="-do-deploy">
  
    </target>
    <target name="-post-deploy">
        
    </target>
    <target depends="-do-jar,-post-jar,-pre-deploy,-do-deploy,-post-deploy" name="deploy"/>
    <!--
                =================
                SECCION DE EJECUCION
                =================
            -->
    <target depends="init,compile" description="Run a main class." name="run">
        <j2seproject1:java>
      
        </j2seproject1:java>
    </target>
    <target name="-do-not-recompile">
        <property name="javac.includes.binary" value=""/>
    </target>
    <target depends="init,compile-single" name="run-single">
        
        
    </target>
    <target depends="init,compile-test-single" name="run-test-with-main">
        
        
    </target>
    <!--
                =================
                
                SECCIÓN DE DEPURACIÓN
                =================
            -->
    <target depends="init" if="netbeans.home" name="-debug-start-debugger">
        
    </target>
    <target depends="init" if="netbeans.home" name="-debug-start-debugger-main-test">
       
    </target>
    <target depends="init,compile" name="-debug-start-debuggee">

    </target>
    <target depends="init,compile,-debug-start-debugger,-debug-start-debuggee" description="Debug project in IDE." if="netbeans.home" name="debug"/>
    <target depends="init" if="netbeans.home" name="-debug-start-debugger-stepinto">
        
    </target>
    <target depends="init,compile,-debug-start-debugger-stepinto,-debug-start-debuggee" if="netbeans.home" name="debug-stepinto"/>
    <target depends="init,compile-single" if="netbeans.home" name="-debug-start-debuggee-single">

    </target>
    <target depends="init,compile-single,-debug-start-debugger,-debug-start-debuggee-single" if="netbeans.home" name="debug-single"/>
    <target depends="init,compile-test-single" if="netbeans.home" name="-debug-start-debuggee-main-test">

    </target>
    <target depends="init,compile-test-single,-debug-start-debugger-main-test,-debug-start-debuggee-main-test" if="netbeans.home" name="debug-test-with-main"/>
    <target depends="init" name="-pre-debug-fix">

        
    </target>
    <target depends="init,-pre-debug-fix,compile-single" if="netbeans.home" name="-do-debug-fix">
       
    </target>
    <target depends="init,-pre-debug-fix,-do-debug-fix" if="netbeans.home" name="debug-fix"/>
    <!--
                =================
                PROFILING SECTION
                =================
            -->
 
    <target depends="profile-init,compile" description="Profile a project in the IDE." if="profiler.info.jvmargs.agent" name="-profile-pre72">
        
        <nbprofiledirect>
            <classpath>
                <path path="${run.classpath}"/>
            </classpath>
        </nbprofiledirect>
        <profile/>
    </target>
    <target depends="profile-init,compile-single" description="Profile a selected class in the IDE." if="profiler.info.jvmargs.agent" name="-profile-single-pre72">

        <nbprofiledirect>
            <classpath>
                <path path="${run.classpath}"/>
            </classpath>
        </nbprofiledirect>
        <profile classname="${profile.class}"/>
    </target>
    <target depends="profile-init,compile-single" if="profiler.info.jvmargs.agent" name="-profile-applet-pre72">
        

    </target>
    <target depends="-init-macrodef-junit,profile-init,compile-test-single" if="profiler.info.jvmargs.agent" name="-profile-test-single-pre72">


    </target>
 
    <target if="netbeans.home" name="-profile-check">

    </target>
    <target depends="-profile-check,-profile-pre72" description="Profile a project in the IDE." if="profiler.configured" name="profile" unless="profiler.info.jvmargs.agent">

    </target>
    <target depends="-profile-check,-profile-single-pre72" description="Profile a selected class in the IDE." if="profiler.configured" name="profile-single" unless="profiler.info.jvmargs.agent">
 
    </target>
    <target depends="-profile-test-single-pre72" description="Profile a selected test in the IDE." name="profile-test-single"/>
    <target depends="-profile-check" description="Profile a selected test in the IDE." if="profiler.configured" name="profile-test" unless="profiler.info.jvmargs">
    
      
    </target>
    <target depends="-profile-check" description="Profile a selected class in the IDE." if="profiler.configured" name="profile-test-with-main">

      
    </target>
    <target depends="-profile-check,-profile-applet-pre72" if="profiler.configured" name="profile-applet" unless="profiler.info.jvmargs.agent">

    </target>
    <!--
                ===============
                SECCION JAVADOC
                ===============
            -->
    <target depends="init" if="have.sources" name="-javadoc-build">
   
    </target>
    <target depends="init,-javadoc-build" if="netbeans.home" name="-javadoc-browse" unless="no.javadoc.preview">
                <!-- aaaaaaaaaaa -->
        <nbbrowse file="${dist.javadoc.dir}/index.html"/>
    </target>
    <target depends="init,-javadoc-build,-javadoc-browse" description="Build Javadoc." name="javadoc"/>
    <!--
                =========================
                SECCIÓN DE COMPILACIÓN DE PRUEBAS
                =========================
            -->
    <target depends="init,compile" if="have.tests" name="-pre-pre-compile-test">
        
    </target>
    <target name="-pre-compile-test">
       
    </target>
    <target depends="-init-source-module-properties" if="named.module.internal" name="-init-test-javac-module-properties-with-module">
        <j2seproject3:modulename property="test.module.name" sourcepath="${test.src.dir}"/>

    </target>
    <target depends="-init-source-module-properties" if="named.module.internal" name="-init-test-run-module-properties">


    </target>
    <target depends="-init-source-module-properties" name="-init-test-module-properties-without-module" unless="named.module.internal">

    </target>
    <target depends="-init-test-javac-module-properties-with-module,-init-test-module-properties-without-module" name="-init-test-module-properties"/>
    <target if="do.depend.true" name="-compile-test-depend">
        <j2seproject3:depend classpath="${javac.test.classpath}" destdir="${build.test.classes.dir}" srcdir="${test.src.dir}"/>
    </target>
    <target depends="init,deps-jar,compile,-init-test-module-properties,-pre-pre-compile-test,-pre-compile-test,-compile-test-depend" if="have.tests" name="-do-compile-test">
  
    </target>
    <target name="-post-compile-test">
       
    </target>
    <target depends="init,compile,-pre-pre-compile-test,-pre-compile-test,-do-compile-test,-post-compile-test" name="compile-test"/>
    <target name="-pre-compile-test-single">
       
    </target>
    <target depends="init,deps-jar,compile,-init-test-module-properties,-pre-pre-compile-test,-pre-compile-test-single" if="have.tests" name="-do-compile-test-single">
       

    </target>
    <target name="-post-compile-test-single">
      
    </target>
    <target depends="init,compile,-pre-pre-compile-test,-pre-compile-test-single,-do-compile-test-single,-post-compile-test-single" name="compile-test-single"/>
    <!--
                =======================
               SECCIÓN DE EJECUCIÓN DE PRUEBA
                =======================
            -->
    <target depends="init" if="have.tests" name="-pre-test-run">
        <mkdir dir="${build.test.results.dir}"/>
    </target>
    <target depends="init,compile-test,-init-test-run-module-properties,-pre-test-run" if="have.tests" name="-do-test-run">
        <j2seproject3:test includes="${includes}" testincludes="**/*Test.java"/>
    </target>
    <target depends="init,compile-test,-pre-test-run,-do-test-run" if="have.tests" name="-post-test-run">
        
    </target>
    <target depends="init" if="have.tests" name="test-report"/>
    <target depends="init" if="netbeans.home+have.tests" name="-test-browse"/>
    <target depends="init,compile-test,-pre-test-run,-do-test-run,test-report,-post-test-run,-test-browse" description="Run unit tests." name="test"/>
    <target depends="init" if="have.tests" name="-pre-test-run-single">
        <mkdir dir="${build.test.results.dir}"/>
    </target>
    <target depends="init,compile-test-single,-init-test-run-module-properties,-pre-test-run-single" if="have.tests" name="-do-test-run-single">
        
        <j2seproject3:test excludes="" includes="${test.includes}" testincludes="${test.includes}"/>
    </target>
    <target depends="init,compile-test-single,-pre-test-run-single,-do-test-run-single" if="have.tests" name="-post-test-run-single">
        
    </target>
    <target depends="init,compile-test-single,-init-test-run-module-properties,-pre-test-run-single,-do-test-run-single,-post-test-run-single" description="Run single unit test." name="test-single"/>
    <target depends="init,compile-test-single,-pre-test-run-single" if="have.tests" name="-do-test-run-single-method">

        <j2seproject3:test excludes="" includes="${javac.includes}" testincludes="${test.class}" testmethods="${test.method}"/>
    </target>
    <target depends="init,compile-test-single,-pre-test-run-single,-do-test-run-single-method" if="have.tests" name="-post-test-run-single-method">
        
    </target>
    <target depends="init,compile-test-single,-init-test-run-module-properties,-pre-test-run-single,-do-test-run-single-method,-post-test-run-single-method" description="Run single unit test." name="test-single-method"/>
    <!--
                =======================
                SECCIÓN DE DEPURACIÓN DE PRUEBAS
                =======================
            -->
    <target depends="init,compile-test-single,-pre-test-run-single" if="have.tests" name="-debug-start-debuggee-test">

       
    </target>
    <target depends="init,compile-test-single,-pre-test-run-single" if="have.tests" name="-debug-start-debuggee-test-method">

     
    </target>
    <target depends="init,compile-test" if="netbeans.home+have.tests" name="-debug-start-debugger-test">
       
    </target>
    <target depends="init,compile-test-single,-init-test-run-module-properties,-debug-start-debugger-test,-debug-start-debuggee-test" name="debug-test"/>
    <target depends="init,compile-test-single,-init-test-run-module-properties,-debug-start-debugger-test,-debug-start-debuggee-test-method" name="debug-test-method"/>
    <target depends="init,-pre-debug-fix,compile-test-single" if="netbeans.home" name="-do-debug-fix-test">
        <j2seproject1:nbjpdareload dir="${build.test.classes.dir}"/>
    </target>
    <target depends="init,-pre-debug-fix,-do-debug-fix-test" if="netbeans.home" name="debug-fix-test"/>
    <!--
                =========================
               
                SECCIÓN DE EJECUCIÓN DE APPLET
                =========================
            -->
    <target depends="init,compile-single" name="run-applet">
        
  
    </target>
    <!--
                =========================
                APLICAR SECCION
                =========================
            -->
    <target depends="init,compile-single" if="netbeans.home" name="-debug-start-debuggee-applet">
       
 
    </target>
    <target depends="init,compile-single,-debug-start-debugger,-debug-start-debuggee-applet" if="netbeans.home" name="debug-applet"/>
    <!--
                ===============
                CLEANUP SECTION
                ===============
            -->
    <target name="-deps-clean-init" unless="built-clean.properties">

    </target>
    <target if="already.built.clean.${basedir}" name="-warn-already-built-clean">
        
    </target>
    <target depends="init,-deps-clean-init" name="deps-clean" unless="no.deps">
       

    </target>
    <target depends="init" name="-do-clean">

    </target>
    <target name="-post-clean">
    
    </target>
    <target depends="init,deps-clean,-do-clean,-post-clean" description="Clean build products." name="clean"/>
    <target name="-check-call-dep">
        
 

    </target>
    <target depends="-check-call-dep" if="should.call.dep" name="-maybe-call-dep">
 
    </target>
</project>
